COCNUM,Total Population,Total units,Occupied units,Vacant units,Total vacant,For rent,"Rented, not occupied",For sale only,"Sold, not occupied",Other vacant,COCNAME,"Overall Homeless, 2019","Unsheltered Homeless, 2019",Vacant per total homeless,Vacant per total unsheltered homeless,Absolute diff vacancy and total homeless,Absolute diff vacancy and total unsheltered homeless
AK-500,313209.0,125917.0,112793.0,13124.0,13124.0,3391.0,554.0,1207.0,434.0,4112.0,Anchorage CoC,1111.0,97.0,11.812781278127813,135.29896907216494,12013.0,13027.0
AK-501,451481.0,203599.0,149689.0,53910.0,53910.0,3956.0,1272.0,2148.0,852.0,15231.0,Alaska Balance of State CoC,796.0,176.0,67.72613065326634,306.3068181818182,53114.0,53734.0
AL-500,1110622.0,498801.0,428184.0,70617.0,70617.0,12583.0,4247.0,4531.0,2088.0,40465.0,"Birmingham/Jefferson, St. Clair, Shelby Counties CoC",981.0,326.0,71.98470948012232,216.61656441717793,69636.0,70291.0
AL-501,689662.0,327401.0,258704.0,68697.0,68697.0,22218.0,2771.0,4640.0,2900.0,20965.0,Mobile City & County/Baldwin County CoC,505.0,202.0,136.03366336633664,340.08415841584156,68192.0,68495.0
AL-502,390781.0,190219.0,153568.0,36651.0,36651.0,3800.0,466.0,1956.0,940.0,19459.0,Florence/Northwest Alabama CoC,390.0,201.0,93.97692307692307,182.34328358208955,36261.0,36450.0
AL-503,685245.0,299354.0,268239.0,31115.0,31115.0,5544.0,659.0,2673.0,1513.0,17716.0,Huntsville/North Alabama CoC,464.0,87.0,67.05818965517241,357.64367816091954,30651.0,31028.0
AL-504,464831.0,215860.0,179227.0,36633.0,36633.0,5786.0,800.0,2920.0,1658.0,17207.0,Montgomery City & County CoC,330.0,57.0,111.00909090909092,642.6842105263158,36303.0,36576.0
AL-506,277115.0,122302.0,97920.0,24382.0,24382.0,1911.0,708.0,592.0,425.0,8131.0,Tuscaloosa City & County CoC,44.0,0.0,554.1363636363636,inf,24338.0,24382.0
AL-507,2216729.0,1034942.0,835674.0,199268.0,199268.0,18450.0,5002.0,11773.0,6829.0,107032.0,Alabama Balance of State CoC,323.0,169.0,616.9287925696594,1179.1005917159764,198945.0,199099.0
AR-500,718935.0,325365.0,280296.0,45069.0,45069.0,12161.0,1492.0,4088.0,1583.0,20124.0,Little Rock/Central Arkansas CoC,1066.0,573.0,42.27861163227017,78.6544502617801,44003.0,44496.0
AR-501,635780.0,268383.0,237431.0,30952.0,30952.0,3749.0,1645.0,2590.0,1196.0,12099.0,Fayetteville/Northwest Arkansas CoC,518.0,237.0,59.75289575289575,130.59915611814347,30434.0,30715.0
AR-503,1358424.0,637737.0,523659.0,114078.0,114078.0,14371.0,2156.0,7100.0,4170.0,54255.0,Arkansas  Balance of State  CoC,811.0,545.0,140.66337854500617,209.31743119266056,113267.0,113533.0
AR-504,554673.0,273759.0,216922.0,56837.0,56837.0,5239.0,867.0,3283.0,1675.0,24904.0,,,,,,,
AR-505,443930.0,218240.0,170415.0,47825.0,47825.0,4636.0,554.0,2295.0,1670.0,23466.0,Southeast Arkansas CoC,75.0,0.0,637.6666666666666,inf,47750.0,47825.0
AZ-500,2091175.0,984367.0,753774.0,230593.0,230593.0,15898.0,3397.0,13917.0,6095.0,48972.0,Arizona Balance of State CoC,2021.0,983.0,114.09846610588818,234.58087487283825,228572.0,229610.0
AZ-501,1099098.0,493445.0,432363.0,61082.0,61082.0,11336.0,2870.0,5127.0,2554.0,18326.0,Tucson/Pima County CoC,1372.0,361.0,44.52040816326531,169.20221606648198,59710.0,60721.0
AZ-502,4459422.0,1802637.0,1600514.0,202123.0,202123.0,36916.0,8768.0,17550.0,11489.0,43191.0,"Phoenix, Mesa/Maricopa County CoC",6614.0,3188.0,30.55987299667372,63.40119196988708,195509.0,198935.0
CA-500,2057862.0,719160.0,683106.0,36054.0,36054.0,12382.0,3751.0,1938.0,2075.0,11282.0,San Jose/Santa Clara City & County CoC,9706.0,7922.0,3.7146095198846076,4.5511234536733145,26348.0,28132.0
CA-501,919427.0,413554.0,377066.0,36488.0,36488.0,7089.0,2611.0,1150.0,4873.0,12142.0,San Francisco CoC,8035.0,5180.0,4.541132545115121,7.044015444015444,28453.0,31308.0
CA-502,1825745.0,666298.0,632268.0,34030.0,34030.0,8591.0,1556.0,2370.0,2486.0,14683.0,"Oakland, Berkeley/Alameda County CoC",8022.0,6312.0,4.242084268262278,5.391318124207858,26008.0,27718.0
CA-503,1718984.0,643572.0,611097.0,32475.0,32475.0,9029.0,2098.0,3924.0,2191.0,11764.0,Sacramento City & County CoC,5561.0,3900.0,5.839777018521849,8.326923076923077,26914.0,28575.0
CA-504,526466.0,222684.0,200321.0,22363.0,22363.0,2375.0,573.0,1091.0,371.0,6327.0,"Santa Rosa, Petaluma/Sonoma County CoC",2951.0,1957.0,7.578109115554049,11.427184466019417,19412.0,20406.0
CA-505,1248546.0,453916.0,433004.0,20912.0,20912.0,4512.0,791.0,2121.0,1439.0,9363.0,Richmond/Contra Costa County CoC,2295.0,1627.0,9.1119825708061,12.853103872157345,18617.0,19285.0
CA-506,569302.0,188226.0,168093.0,20133.0,20133.0,3150.0,650.0,1122.0,881.0,4214.0,"Salinas/Monterey, San Benito Counties CoC",2704.0,1998.0,7.445636094674557,10.076576576576576,17429.0,18135.0
CA-507,288668.0,125367.0,116488.0,8879.0,8879.0,1253.0,331.0,382.0,274.0,3414.0,Marin County CoC,1034.0,708.0,8.587040618955513,12.540960451977401,7845.0,8171.0
CA-508,303746.0,116905.0,105454.0,11451.0,11451.0,929.0,315.0,514.0,535.0,3435.0,Watsonville/Santa Cruz City & County CoC,2167.0,1700.0,5.284263959390863,6.735882352941177,9284.0,9751.0
CA-509,135457.0,67689.0,53969.0,13720.0,13720.0,406.0,278.0,495.0,207.0,2845.0,Mendocino County CoC,785.0,538.0,17.477707006369428,25.50185873605948,12935.0,13182.0
CA-510,656832.0,223471.0,210688.0,12783.0,12783.0,1912.0,589.0,1592.0,1580.0,4679.0,"Turlock, Modesto/Stanislaus County CoC",1923.0,1088.0,6.647425897035881,11.749080882352942,10860.0,11695.0
CA-511,862876.0,286016.0,267756.0,18260.0,18260.0,4029.0,1027.0,1385.0,1985.0,6796.0,Stockton/San Joaquin County CoC,2631.0,1558.0,6.940326871911821,11.7201540436457,15629.0,16702.0
CA-512,844756.0,305514.0,289309.0,16205.0,16205.0,4678.0,996.0,1117.0,1018.0,4736.0,Daly/San Mateo County CoC,1512.0,901.0,10.717592592592593,17.985571587125417,14693.0,15304.0
CA-513,755215.0,244040.0,223789.0,20251.0,20251.0,3041.0,791.0,1708.0,942.0,7558.0,"Visalia/Kings, Tulare Counties CoC",1064.0,775.0,19.032894736842106,26.13032258064516,19187.0,19476.0
CA-514,1244578.0,430485.0,385431.0,45054.0,45054.0,7468.0,1906.0,3428.0,1838.0,11496.0,Fresno City & County/Madera County CoC,2508.0,2069.0,17.964114832535884,21.775737071048816,42546.0,42985.0
CA-515,533201.0,229952.0,196463.0,33489.0,33489.0,2306.0,500.0,1404.0,931.0,3221.0,"Roseville, Rocklin/Placer County CoC",617.0,296.0,54.27714748784441,113.13851351351352,32872.0,33193.0
CA-516,417869.0,208494.0,168176.0,40318.0,40318.0,1780.0,804.0,2151.0,1137.0,11291.0,"Redding/Shasta, Siskiyou, Lassen, Plumas, Del Norte, Modoc, Sierra Counties CoC",1349.0,806.0,29.887323943661972,50.022332506203476,38969.0,39512.0
CA-517,252813.0,100048.0,88563.0,11485.0,11485.0,1217.0,75.0,829.0,335.0,2916.0,Napa City & County CoC,322.0,150.0,35.66770186335404,76.56666666666666,11163.0,11335.0
CA-518,505770.0,180689.0,170666.0,10023.0,10023.0,2258.0,605.0,803.0,617.0,3874.0,Vallejo/Solano County CoC,1151.0,932.0,8.708079930495222,10.754291845493562,8872.0,9091.0
CA-519,279426.0,123801.0,105656.0,18145.0,18145.0,3120.0,1809.0,1330.0,552.0,4342.0,"Chico, Paradise/Butte County CoC",1266.0,838.0,14.332543443917851,21.6527446300716,16879.0,17307.0
CA-520,335273.0,109888.0,101829.0,8059.0,8059.0,1659.0,182.0,731.0,1179.0,3181.0,Merced City & County CoC,608.0,288.0,13.254934210526315,27.98263888888889,7451.0,7771.0
CA-521,323879.0,124408.0,116858.0,7550.0,7550.0,1281.0,921.0,566.0,500.0,2650.0,"Davis, Woodland/Yolo County CoC",655.0,397.0,11.526717557251908,19.0176322418136,6895.0,7153.0
CA-522,155870.0,75093.0,63458.0,11635.0,11635.0,823.0,507.0,489.0,280.0,4277.0,Humboldt County CoC,1702.0,1402.0,6.836075205640423,8.29885877318117,9933.0,10233.0
CA-523,176630.0,83294.0,67881.0,15413.0,15413.0,760.0,504.0,888.0,363.0,4323.0,"Colusa, Glenn, Trinity Counties CoC",192.0,150.0,80.27604166666667,102.75333333333333,15221.0,15263.0
CA-524,262184.0,101225.0,90822.0,10403.0,10403.0,1191.0,494.0,971.0,362.0,3316.0,Yuba City & County/Sutter County CoC,721.0,519.0,14.428571428571429,20.04431599229287,9682.0,9884.0
CA-525,262197.0,123490.0,97659.0,25831.0,25831.0,901.0,214.0,870.0,554.0,2547.0,El Dorado County CoC,613.0,480.0,42.13866231647635,53.81458333333333,25218.0,25351.0
CA-526,241779.0,126565.0,92934.0,33631.0,33631.0,1433.0,173.0,1884.0,1613.0,4289.0,"Amador, Calaveras, Mariposa, Tuolumne Counties CoC",845.0,687.0,39.8,48.95342066957787,32786.0,32944.0
CA-527,110532.0,52321.0,42501.0,9820.0,9820.0,514.0,77.0,575.0,83.0,2460.0,Tehama County CoC,288.0,215.0,34.09722222222222,45.674418604651166,9532.0,9605.0
CA-529,97573.0,49553.0,37629.0,11924.0,11924.0,542.0,115.0,702.0,322.0,2982.0,Lake County CoC,408.0,382.0,29.225490196078432,31.214659685863875,11516.0,11542.0
CA-530,143671.0,101335.0,58565.0,42770.0,42770.0,2382.0,165.0,1801.0,821.0,4643.0,"Alpine, Inyo, Mono Counties CoC",214.0,197.0,199.85981308411215,217.10659898477158,42556.0,42573.0
CA-531,152365.0,83521.0,61860.0,21661.0,21661.0,428.0,230.0,873.0,396.0,2324.0,Nevada County CoC,415.0,251.0,52.195180722891564,86.2988047808765,21246.0,21410.0
CA-600,9914504.0,3467609.0,3245824.0,221785.0,221785.0,60495.0,16446.0,16705.0,10430.0,83860.0,Los Angeles City & County CoC,56257.0,42471.0,3.9423538404109713,5.222033858397495,165528.0,179314.0
CA-601,3401620.0,1245469.0,1152426.0,93043.0,93043.0,21561.0,7073.0,6895.0,4067.0,24626.0,San Diego City and County CoC,8102.0,4476.0,11.483954579116267,20.78708668453977,84941.0,88567.0
CA-602,3360136.0,1157330.0,1091591.0,65739.0,65739.0,17759.0,4924.0,6575.0,4870.0,12368.0,"Santa Ana, Anaheim/Orange County CoC",6860.0,3961.0,9.582944606413994,16.59656652360515,58879.0,61778.0
CA-603,469681.0,168302.0,155504.0,12798.0,12798.0,2050.0,797.0,765.0,594.0,3475.0,Santa Maria/Santa Barbara County CoC,1803.0,1133.0,7.098169717138103,11.29567519858782,10995.0,11665.0
CA-604,958347.0,328232.0,294927.0,33305.0,33305.0,6596.0,1093.0,3508.0,1031.0,10779.0,Bakersfield/Kern County CoC,1330.0,805.0,25.041353383458645,41.37267080745342,31975.0,32500.0
CA-606,611715.0,225062.0,214215.0,10847.0,10847.0,4448.0,695.0,825.0,340.0,3260.0,Long Beach CoC,1894.0,1275.0,5.727032734952481,8.507450980392157,8953.0,9572.0
CA-607,261562.0,107716.0,97572.0,10144.0,10144.0,1256.0,409.0,873.0,283.0,6143.0,Pasadena CoC,542.0,321.0,18.715867158671585,31.601246105919003,9602.0,9823.0
CA-608,2646462.0,933484.0,800337.0,133147.0,133147.0,13533.0,2459.0,10105.0,4652.0,23299.0,Riverside City & County CoC,2811.0,2045.0,47.366417644966205,65.10855745721271,130336.0,131102.0
CA-609,2464021.0,844785.0,737502.0,107283.0,107283.0,12486.0,3106.0,8135.0,3641.0,22991.0,San Bernardino City & County CoC,2607.0,1920.0,41.151898734177216,55.8765625,104676.0,105363.0
CA-611,929344.0,321110.0,300827.0,20283.0,20283.0,4191.0,546.0,2115.0,788.0,5771.0,"Oxnard, San Buenaventura/Ventura County CoC",1669.0,1258.0,12.152786099460755,16.123211446740857,18614.0,19025.0
CA-612,279346.0,109472.0,103103.0,6369.0,6369.0,1530.0,397.0,324.0,221.0,3220.0,Glendale CoC,243.0,147.0,26.209876543209877,43.326530612244895,6126.0,6222.0
CA-613,221529.0,78969.0,58979.0,19990.0,19990.0,1117.0,278.0,633.0,253.0,10090.0,Imperial County CoC,1413.0,1225.0,14.147204529370134,16.318367346938775,18577.0,18765.0
CA-614,327190.0,135910.0,118595.0,17315.0,17315.0,2033.0,514.0,1177.0,680.0,2472.0,San Luis Obispo County CoC,1483.0,1172.0,11.67565745111261,14.773890784982935,15832.0,16143.0
CO-500,2136527.0,1009554.0,813502.0,196052.0,196052.0,17162.0,3402.0,9494.0,3284.0,40694.0,Colorado Balance of State CoC,2302.0,798.0,85.16594265855778,245.67919799498748,193750.0,195254.0
CO-503,3327962.0,1363778.0,1280258.0,83520.0,83520.0,20921.0,6119.0,6302.0,4268.0,16517.0,Metropolitan Denver CoC,5755.0,946.0,14.5125977410947,88.28752642706131,77765.0,82574.0
CO-504,760588.0,299560.0,281211.0,18349.0,18349.0,3661.0,1000.0,2106.0,858.0,6083.0,Colorado Springs/El Paso County CoC,1562.0,444.0,11.747119078104994,41.32657657657658,16787.0,17905.0
CT-503,1107468.0,436787.0,398836.0,37951.0,37951.0,8497.0,1048.0,5546.0,2267.0,12870.0,"Bridgeport, Stamford, Norwalk, Danbury/Fairfield County CoC",771.0,98.0,49.2230869001297,387.2551020408163,37180.0,37853.0
CT-505,2883291.0,1253948.0,1127048.0,126900.0,126900.0,24818.0,5832.0,12890.0,5214.0,47632.0,Connecticut Balance of State CoC,2262.0,358.0,56.10079575596817,354.46927374301674,124638.0,126542.0
DC-500,835348.0,376974.0,342460.0,34514.0,34514.0,12744.0,1817.0,2181.0,1326.0,12701.0,District of Columbia CoC,6521.0,608.0,5.292746511271277,56.766447368421055,27993.0,33906.0
DE-500,1135184.0,507856.0,430005.0,77851.0,77851.0,8469.0,1312.0,5786.0,2363.0,18271.0,Delaware Statewide CoC,921.0,95.0,84.52877307274701,819.4842105263158,76930.0,77756.0
FL-500,897138.0,477087.0,363248.0,113839.0,113839.0,13108.0,2705.0,6511.0,3258.0,13783.0,"Sarasota, Bradenton/Manatee, Sarasota Counties CoC",1135.0,400.0,100.29867841409691,284.5975,112704.0,113439.0
FL-501,1586205.0,651565.0,585828.0,65737.0,65737.0,16682.0,2975.0,6548.0,3632.0,19810.0,Tampa/Hillsborough County CoC,1650.0,672.0,39.84060606060606,97.82291666666667,64087.0,65065.0
FL-502,1012808.0,530599.0,426213.0,104386.0,104386.0,12032.0,1903.0,6777.0,4646.0,25577.0,"St. Petersburg, Clearwater, Largo/Pinellas County CoC",2415.0,834.0,43.224016563146996,125.1630695443645,101971.0,103552.0
FL-503,826455.0,362637.0,279172.0,83465.0,83465.0,6065.0,1256.0,5189.0,1378.0,14026.0,"Lakeland, Winterhaven/Polk County CoC",563.0,114.0,148.25044404973357,732.1491228070175,82902.0,83351.0
FL-504,756654.0,363302.0,299943.0,63359.0,63359.0,5775.0,1237.0,4860.0,2177.0,12206.0,"Deltona, Daytona Beach/Volusia, Flagler Counties CoC",875.0,507.0,72.41028571428572,124.96844181459566,62484.0,62852.0
FL-505,351883.0,184479.0,132897.0,51582.0,51582.0,9440.0,292.0,1643.0,515.0,10386.0,"Fort Walton Beach/Okaloosa, Walton Counties CoC",399.0,234.0,129.2781954887218,220.43589743589743,51183.0,51348.0
FL-506,536708.0,248462.0,202278.0,46184.0,46184.0,6489.0,2061.0,2770.0,955.0,19307.0,Tallahassee/Leon County CoC,966.0,91.0,47.80952380952381,507.5164835164835,45218.0,46093.0
FL-507,2376164.0,969645.0,813917.0,155728.0,155728.0,33427.0,5879.0,14923.0,5563.0,26222.0,"Orlando/Orange, Osceola, Seminole Counties CoC",2010.0,336.0,77.47661691542288,463.4761904761905,153718.0,155392.0
FL-508,583395.0,269787.0,218076.0,51711.0,51711.0,10837.0,779.0,3811.0,1192.0,18049.0,"Gainesville/Alachua, Putnam Counties CoC",804.0,498.0,64.31716417910448,103.83734939759036,50907.0,51213.0
FL-509,712337.0,336814.0,267056.0,69758.0,69758.0,9491.0,1613.0,4749.0,2458.0,15207.0,"Fort Pierce/St. Lucie, Indian River, Martin Counties CoC",1499.0,1345.0,46.536357571714476,51.86468401486989,68259.0,68413.0
FL-510,1374790.0,585058.0,515988.0,69070.0,69070.0,14532.0,3744.0,6841.0,4075.0,26473.0,"Jacksonville-Duval, Clay Counties CoC",1654.0,508.0,41.75937122128174,135.96456692913387,67416.0,68562.0
FL-511,551739.0,250365.0,207826.0,42539.0,42539.0,11324.0,479.0,3041.0,645.0,13322.0,"Pensacola/Escambia, Santa Rosa Counties CoC",518.0,177.0,82.12162162162163,240.33333333333334,42021.0,42362.0
FL-512,363279.0,160377.0,134626.0,25751.0,25751.0,2313.0,788.0,2046.0,959.0,5256.0,St. Johns County CoC,356.0,200.0,72.33426966292134,128.755,25395.0,25551.0
FL-513,667499.0,314667.0,258408.0,56259.0,56259.0,9018.0,2329.0,3513.0,1561.0,12119.0,"Palm Bay, Melbourne/Brevard County CoC",815.0,397.0,69.02944785276074,141.71032745591938,55444.0,55862.0
FL-514,471093.0,235221.0,190770.0,44451.0,44451.0,4740.0,697.0,3484.0,2047.0,12848.0,Ocala/Marion County CoC,475.0,179.0,93.58105263157894,248.3296089385475,43976.0,44272.0
FL-515,382450.0,202123.0,143670.0,58453.0,58453.0,9859.0,723.0,2229.0,941.0,16789.0,"Panama City/Bay, Jackson Counties CoC",488.0,355.0,119.78073770491804,164.65633802816902,57965.0,58098.0
FL-517,440474.0,188891.0,147046.0,41845.0,41845.0,2604.0,484.0,3271.0,961.0,9685.0,"Hendry, Hardee, Highlands Counties CoC",398.0,350.0,105.13819095477388,119.55714285714286,41447.0,41495.0
FL-518,223729.0,95835.0,77374.0,18461.0,18461.0,1607.0,382.0,1323.0,485.0,8664.0,"Columbia, Hamilton, Lafayette, Suwannee Counties CoC",538.0,425.0,34.314126394052046,43.43764705882353,17923.0,18036.0
FL-519,670066.0,303428.0,257342.0,46086.0,46086.0,5149.0,665.0,5202.0,1996.0,10137.0,Pasco County CoC,894.0,688.0,51.5503355704698,66.98546511627907,45192.0,45398.0
FL-520,1105461.0,538715.0,439806.0,98909.0,98909.0,9949.0,1212.0,8627.0,4435.0,15848.0,"Citrus, Hernando, Lake, Sumter Counties CoC",677.0,331.0,146.09896602658787,298.81873111782477,98232.0,98578.0
FL-600,2826388.0,1079052.0,924378.0,154674.0,154674.0,27727.0,6104.0,9656.0,6026.0,26050.0,Miami-Dade County CoC,3472.0,1008.0,44.548963133640555,153.44642857142858,151202.0,153666.0
FL-601,2103310.0,895606.0,748185.0,147421.0,147421.0,21622.0,4836.0,9584.0,6923.0,19650.0,Ft Lauderdale/Broward County CoC,2803.0,1350.0,52.59400642169105,109.20074074074074,144618.0,146071.0
FL-602,296826.0,161882.0,120809.0,41073.0,41073.0,2848.0,983.0,2287.0,1010.0,4611.0,Punta Gorda/Charlotte County CoC,156.0,67.0,263.28846153846155,613.0298507462686,40917.0,41006.0
FL-603,829039.0,438027.0,307534.0,130493.0,130493.0,7440.0,1493.0,6344.0,2299.0,12309.0,"Ft Myers, Cape Coral/Lee County CoC",372.0,162.0,350.7876344086022,805.5123456790124,130121.0,130331.0
FL-604,120558.0,69847.0,44743.0,25104.0,25104.0,3886.0,150.0,706.0,354.0,3409.0,Monroe County CoC,501.0,209.0,50.10778443113772,120.11483253588517,24603.0,24895.0
FL-605,1563697.0,727612.0,588940.0,138672.0,138672.0,15957.0,2600.0,7960.0,6267.0,16879.0,West Palm Beach/Palm Beach County CoC,1397.0,940.0,99.26413743736579,147.52340425531915,137275.0,137732.0
FL-606,401475.0,218513.0,150651.0,67862.0,67862.0,3272.0,749.0,3282.0,1093.0,4190.0,Naples/Collier County CoC,498.0,99.0,136.2690763052209,685.4747474747475,67364.0,67763.0
GA-500,694464.0,339547.0,289073.0,50474.0,50474.0,11726.0,3089.0,3603.0,2303.0,22850.0,Atlanta CoC,3217.0,719.0,15.689773080509791,70.20027816411682,47257.0,49755.0
GA-501,8183653.0,3326715.0,2892241.0,434474.0,434474.0,67186.0,11102.0,38166.0,12634.0,203301.0,Georgia Balance of State CoC,4183.0,2262.0,103.86660291656706,192.07515473032714,430291.0,432212.0
GA-502,1094694.0,443158.0,404373.0,38785.0,38785.0,12913.0,1716.0,4732.0,1242.0,14908.0,Fulton County CoC,632.0,76.0,61.36867088607595,510.32894736842104,38153.0,38709.0
GA-503,191520.0,78662.0,72307.0,6355.0,6355.0,1459.0,728.0,588.0,113.0,2783.0,Athens-Clarke County CoC,237.0,55.0,26.814345991561183,115.54545454545455,6118.0,6300.0
GA-504,299645.0,129945.0,105728.0,24217.0,24217.0,5249.0,845.0,2627.0,740.0,12538.0,Augusta-Richmond County CoC,384.0,161.0,63.065104166666664,150.416149068323,23833.0,24056.0
GA-505,347128.0,149501.0,128043.0,21458.0,21458.0,4056.0,3547.0,1993.0,205.0,9716.0,Columbus-Muscogee CoC,278.0,52.0,77.18705035971223,412.65384615384613,21180.0,21406.0
GA-506,960864.0,386479.0,359854.0,26625.0,26625.0,7252.0,1971.0,3656.0,1479.0,10519.0,Marietta/Cobb County CoC,451.0,127.0,59.03547671840355,209.64566929133858,26174.0,26498.0
GA-507,354573.0,150287.0,131549.0,18738.0,18738.0,4932.0,1201.0,1722.0,610.0,6678.0,Savannah/Chatham County CoC,686.0,231.0,27.314868804664723,81.11688311688312,18052.0,18507.0
GA-508,909866.0,376696.0,341994.0,34702.0,34702.0,9702.0,2093.0,3231.0,1828.0,15678.0,DeKalb County CoC,375.0,197.0,92.53866666666667,176.1522842639594,34327.0,34505.0
HI-500,437273.0,192103.0,146629.0,45474.0,45474.0,12246.0,764.0,2042.0,878.0,9602.0,Hawaii Balance of State CoC,1995.0,1237.0,22.793984962406014,36.76151980598222,43479.0,44237.0
HI-501,984821.0,350571.0,312795.0,37776.0,37776.0,7615.0,1238.0,1801.0,787.0,10715.0,Honolulu City and County CoC,4417.0,2403.0,8.552411138781979,15.720349563046192,33359.0,35373.0
IA-500,160203.0,67458.0,61997.0,5461.0,5461.0,1136.0,297.0,589.0,327.0,2454.0,"Sioux City/Dakota, Woodbury Counties CoC",255.0,7.0,21.415686274509802,780.1428571428571,5206.0,5454.0
IA-501,2862942.0,1294671.0,1159271.0,135400.0,135400.0,22957.0,4829.0,12658.0,6575.0,58508.0,Iowa Balance of State CoC,1379.0,89.0,98.18709209572154,1521.3483146067415,134021.0,135311.0
IA-502,592561.0,246625.0,231603.0,15022.0,15022.0,4532.0,866.0,1927.0,1378.0,5258.0,Des Moines/Polk County CoC,681.0,92.0,22.058737151248163,163.2826086956522,14341.0,14930.0
ID-500,543364.0,216898.0,204392.0,12506.0,12506.0,1476.0,1129.0,1546.0,1480.0,2564.0,Boise/Ada County CoC,713.0,61.0,17.539971949509116,205.01639344262296,11793.0,12445.0
ID-501,1578387.0,684867.0,573058.0,111809.0,111809.0,11224.0,2463.0,7234.0,2913.0,23335.0,Idaho Balance of State CoC,1602.0,924.0,69.79338327091136,121.00541125541126,110207.0,110885.0
IL-500,453343.0,177081.0,166292.0,10789.0,10789.0,1618.0,272.0,1859.0,661.0,3246.0,McHenry County CoC,159.0,1.0,67.85534591194968,10789.0,10630.0,10788.0
IL-501,604674.0,254525.0,234244.0,20281.0,20281.0,4252.0,755.0,2459.0,888.0,9560.0,"Rockford/DeKalb, Winnebago, Boone Counties CoC",403.0,45.0,50.32506203473945,450.68888888888887,19878.0,20236.0
IL-502,892234.0,336455.0,314042.0,22413.0,22413.0,4734.0,906.0,3755.0,1001.0,7054.0,"Waukegan, North Chicago/Lake County CoC",252.0,32.0,88.94047619047619,700.40625,22161.0,22381.0
IL-503,251084.0,110885.0,98548.0,12337.0,12337.0,5278.0,827.0,1506.0,1262.0,3079.0,"Champaign, Urbana, Rantoul/Champaign County CoC",151.0,2.0,81.70198675496688,6168.5,12186.0,12335.0
IL-504,360789.0,161466.0,144568.0,16898.0,16898.0,2568.0,563.0,2467.0,546.0,9605.0,Madison County CoC,101.0,32.0,167.30693069306932,528.0625,16797.0,16866.0
IL-506,1109731.0,402192.0,378176.0,24016.0,24016.0,4649.0,1225.0,3745.0,1818.0,10014.0,"Joliet, Bolingbrook/Will County CoC",278.0,43.0,86.38848920863309,558.5116279069767,23738.0,23973.0
IL-507,461091.0,207886.0,184845.0,23041.0,23041.0,4975.0,706.0,3103.0,1037.0,11330.0,"Peoria, Pekin/Fulton, Tazewell, Peoria, Woodford Counties CoC",285.0,15.0,80.84561403508772,1536.0666666666666,22756.0,23026.0
IL-508,380909.0,176523.0,153449.0,23074.0,23074.0,4205.0,803.0,2477.0,736.0,14283.0,"East St. Louis, Belleville/St. Clair County CoC",247.0,94.0,93.417004048583,245.46808510638297,22827.0,22980.0
IL-510,3060878.0,1350055.0,1191330.0,158725.0,158725.0,38175.0,6126.0,13179.0,6567.0,82279.0,Chicago CoC,5290.0,1260.0,30.004725897920604,125.97222222222223,153435.0,157465.0
IL-511,3348759.0,1362744.0,1256356.0,106388.0,106388.0,23310.0,3730.0,14915.0,7769.0,48795.0,Cook County CoC,897.0,105.0,118.60423634336678,1013.2190476190476,105491.0,106283.0
IL-512,745013.0,324666.0,289763.0,34903.0,34903.0,7326.0,1879.0,3662.0,4216.0,14048.0,Bloomington/Central Illinois CoC,319.0,61.0,109.41379310344827,572.1803278688525,34584.0,34842.0
IL-513,249660.0,114972.0,104366.0,10606.0,10606.0,1937.0,325.0,976.0,388.0,6122.0,Springfield/Sangamon County CoC,284.0,25.0,37.34507042253521,424.24,10322.0,10581.0
IL-514,1220023.0,466434.0,444122.0,22312.0,22312.0,6149.0,1244.0,3755.0,3220.0,6105.0,DuPage County CoC,309.0,10.0,72.20711974110033,2231.2,22003.0,22302.0
IL-515,604143.0,277700.0,243178.0,34522.0,34522.0,4399.0,627.0,3480.0,1180.0,17601.0,South Central Illinois CoC,94.0,35.0,367.25531914893617,986.3428571428572,34428.0,34487.0
IL-516,135252.0,63755.0,56063.0,7692.0,7692.0,1464.0,209.0,801.0,332.0,4166.0,Decatur/Macon County CoC,169.0,11.0,45.514792899408285,699.2727272727273,7523.0,7681.0
IL-517,876786.0,310514.0,296448.0,14066.0,14066.0,2985.0,684.0,2578.0,1390.0,5662.0,"Aurora, Elgin/Kane County CoC",388.0,45.0,36.25257731958763,312.5777777777778,13678.0,14021.0
IL-518,920038.0,423046.0,376294.0,46752.0,46752.0,6746.0,1113.0,5227.0,1837.0,21788.0,"Rock Island, Moline/Northwestern Illinois CoC",211.0,16.0,221.5734597156398,2922.0,46541.0,46736.0
IL-519,341277.0,160566.0,136579.0,23987.0,23987.0,4050.0,1119.0,2115.0,958.0,11044.0,West Central Illinois CoC,68.0,2.0,352.75,11993.5,23919.0,23985.0
IL-520,856532.0,396178.0,340506.0,55672.0,55672.0,7034.0,1269.0,5137.0,2461.0,30011.0,Southern Illinois CoC,294.0,55.0,189.36054421768708,1012.2181818181818,55378.0,55617.0
IN-502,6474097.0,2788841.0,2486853.0,301988.0,301988.0,53795.0,13864.0,27989.0,21551.0,130861.0,Indiana Balance of State CoC,3904.0,537.0,77.35348360655738,562.3612662942272,298084.0,301451.0
IN-503,1199239.0,518986.0,463217.0,55769.0,55769.0,15437.0,3156.0,3907.0,1604.0,30233.0,Indianapolis CoC,1567.0,105.0,35.58966177409062,531.1333333333333,54202.0,55664.0
KS-502,574230.0,243873.0,219883.0,23990.0,23990.0,6737.0,598.0,2180.0,1611.0,12101.0,Wichita/Sedgwick County CoC,593.0,57.0,40.45531197301855,420.87719298245617,23397.0,23933.0
KS-503,219477.0,97664.0,88293.0,9371.0,9371.0,3762.0,336.0,777.0,456.0,3755.0,Topeka/Shawnee County CoC,441.0,68.0,21.249433106575964,137.80882352941177,8930.0,9303.0
KS-505,696904.0,286683.0,270238.0,16445.0,16445.0,3925.0,1499.0,1935.0,1008.0,6307.0,"Overland Park, Shawnee/Johnson County CoC",189.0,39.0,87.01058201058201,421.6666666666667,16256.0,16406.0
KS-507,1829846.0,823787.0,709469.0,114318.0,114318.0,19872.0,4106.0,10667.0,6581.0,56054.0,Kansas Balance of State CoC,1056.0,234.0,108.25568181818181,488.53846153846155,113262.0,114084.0
KY-500,4034729.0,1800223.0,1552534.0,247689.0,247689.0,30406.0,8292.0,18129.0,13399.0,131000.0,Kentucky Balance of State CoC,2221.0,650.0,111.5213867627195,381.06,245468.0,247039.0
KY-501,882152.0,391279.0,353673.0,37606.0,37606.0,9792.0,1661.0,3461.0,1466.0,18444.0,Louisville-Jefferson County CoC,1071.0,118.0,35.112978524743234,318.6949152542373,36535.0,37488.0
KY-502,388690.0,168996.0,155149.0,13847.0,13847.0,3135.0,681.0,1135.0,528.0,6511.0,Lexington-Fayette County CoC,787.0,11.0,17.59466327827192,1258.8181818181818,13060.0,13836.0
LA-500,771777.0,335993.0,285907.0,50086.0,50086.0,8507.0,2110.0,3345.0,1520.0,23357.0,Lafayette/Acadiana CoC,360.0,155.0,139.12777777777777,323.13548387096773,49726.0,49931.0
LA-502,582271.0,277498.0,227032.0,50466.0,50466.0,7611.0,1283.0,2883.0,1399.0,28343.0,"Shreveport, Bossier/Northwest Louisiana CoC",292.0,60.0,172.82876712328766,841.1,50174.0,50406.0
LA-503,882510.0,403979.0,344259.0,59720.0,59720.0,12865.0,2014.0,3538.0,1019.0,28952.0,New Orleans/Jefferson Parish CoC,1179.0,430.0,50.65309584393554,138.88372093023256,58541.0,59290.0
LA-505,451363.0,213103.0,165733.0,47370.0,47370.0,5938.0,1132.0,1982.0,2581.0,24284.0,Monroe/Northeast Louisiana CoC,188.0,17.0,251.96808510638297,2786.470588235294,47182.0,47353.0
LA-506,729159.0,307053.0,265030.0,42023.0,42023.0,5221.0,611.0,3867.0,1373.0,22235.0,Slidell/Southeast Louisiana CoC,215.0,76.0,195.45581395348836,552.9342105263158,41808.0,41947.0
LA-507,423057.0,197475.0,152219.0,45256.0,45256.0,4765.0,675.0,2142.0,6489.0,18360.0,Alexandria/Central Louisiana CoC,114.0,19.0,396.9824561403509,2381.8947368421054,45142.0,45237.0
LA-509,1837846.0,802737.0,670768.0,131969.0,131969.0,20139.0,3158.0,8151.0,3315.0,61807.0,Louisiana Balance of State CoC,593.0,217.0,222.54468802698145,608.1520737327189,131376.0,131752.0
MA-500,873926.0,370100.0,340284.0,29816.0,29816.0,6331.0,4133.0,1663.0,5292.0,6748.0,Boston CoC,6242.0,121.0,4.776674142902916,246.41322314049586,23574.0,29695.0
MA-502,152121.0,57842.0,55099.0,2743.0,2743.0,617.0,178.0,309.0,134.0,1223.0,Lynn CoC,1035.0,5.0,2.65024154589372,548.6,1708.0,2738.0
MA-503,259205.0,202765.0,111670.0,91095.0,91095.0,1712.0,246.0,1507.0,1238.0,3306.0,Cape Cod Islands CoC,371.0,38.0,245.53908355795147,2397.2368421052633,90724.0,91057.0
MA-504,621405.0,260329.0,239441.0,20888.0,20888.0,3300.0,440.0,1836.0,821.0,9497.0,Springfield/Hampden County CoC,2443.0,42.0,8.550143266475645,497.3333333333333,18445.0,20846.0
MA-505,132181.0,57590.0,53054.0,4536.0,4536.0,1516.0,54.0,398.0,149.0,2054.0,New Bedford CoC,433.0,53.0,10.475750577367206,85.58490566037736,4103.0,4483.0
MA-506,1032479.0,421417.0,389340.0,32077.0,32077.0,4842.0,1898.0,3464.0,1615.0,14285.0,Worcester City & County CoC,1593.0,169.0,20.136220966729443,189.80473372781066,30484.0,31908.0
MA-507,513254.0,242202.0,206198.0,36004.0,36004.0,3247.0,743.0,1951.0,947.0,10612.0,"Pittsfield/Berkshire, Franklin, Hampshire Counties CoC",546.0,34.0,65.94139194139194,1058.9411764705883,35458.0,35970.0
MA-508,162181.0,61265.0,58111.0,3154.0,3154.0,1149.0,218.0,394.0,302.0,971.0,,,,,,,
MA-509,168681.0,77272.0,70498.0,6774.0,6774.0,1585.0,1025.0,139.0,61.0,1907.0,Cambridge CoC,555.0,58.0,12.205405405405406,116.79310344827586,6219.0,6716.0
MA-510,819710.0,331159.0,310946.0,20213.0,20213.0,3330.0,786.0,1778.0,902.0,7216.0,"Gloucester, Haverhill, Salem/Essex County CoC",760.0,51.0,26.596052631578946,396.3333333333333,19453.0,20162.0
MA-510 and MA-516 Shared Jurisdiction,1378106.0,534106.0,509572.0,24534.0,24534.0,5378.0,1699.0,2538.0,1911.0,9647.0,,,,,,,
MA-511,827080.0,336740.0,309895.0,26845.0,26845.0,2625.0,1054.0,1770.0,1913.0,7220.0,"Quincy, Brockton, Weymouth, Plymouth City and County CoC",1088.0,13.0,24.673713235294116,2065.0,25757.0,26832.0
MA-515,124597.0,56861.0,51704.0,5157.0,5157.0,632.0,261.0,355.0,100.0,3152.0,Fall River CoC,320.0,4.0,16.115625,1289.25,4837.0,5153.0
MA-516,1639046.0,637308.0,604119.0,33189.0,33189.0,8783.0,2657.0,2569.0,2587.0,13073.0,Massachusetts Balance of State CoC,2829.0,207.0,11.731707317073171,160.33333333333334,30360.0,32982.0
MA-517,207483.0,89426.0,83871.0,5555.0,5555.0,1492.0,610.0,117.0,167.0,2145.0,,,,,,,
MA-519,551622.0,223739.0,208149.0,15590.0,15590.0,2695.0,691.0,1477.0,780.0,5288.0,"Attleboro, Taunton/Bristol County CoC",256.0,34.0,60.8984375,458.52941176470586,15334.0,15556.0
MD-500,129136.0,63556.0,50490.0,13066.0,13066.0,1346.0,322.0,1029.0,306.0,4681.0,Cumberland/Allegany County CoC,145.0,37.0,90.1103448275862,353.13513513513516,12921.0,13029.0
MD-501,767608.0,359094.0,299565.0,59529.0,59529.0,12055.0,1604.0,5370.0,1718.0,37808.0,Baltimore CoC,2294.0,380.0,25.949869224062773,156.65526315789472,57235.0,59149.0
MD-502,318681.0,125711.0,117177.0,8534.0,8534.0,1258.0,165.0,1476.0,659.0,4148.0,Harford County CoC,228.0,23.0,37.42982456140351,371.04347826086956,8306.0,8511.0
MD-503,723401.0,281287.0,262463.0,18824.0,18824.0,4500.0,379.0,3060.0,1183.0,6764.0,Annapolis/Anne Arundel County CoC,302.0,61.0,62.33112582781457,308.59016393442624,18522.0,18763.0
MD-504,461889.0,170960.0,163530.0,7430.0,7430.0,2641.0,402.0,1049.0,469.0,2305.0,Howard County CoC,201.0,72.0,36.96517412935324,103.19444444444444,7229.0,7358.0
MD-505,1114287.0,453913.0,421286.0,32627.0,32627.0,10750.0,1329.0,4480.0,1528.0,13133.0,Baltimore County CoC,735.0,249.0,44.39047619047619,131.0321285140562,31892.0,32378.0
MD-506,263820.0,99441.0,94971.0,4470.0,4470.0,820.0,274.0,554.0,233.0,2066.0,Carroll County CoC,144.0,23.0,31.041666666666668,194.34782608695653,4326.0,4447.0
MD-507,162808.0,65376.0,58160.0,7216.0,7216.0,984.0,126.0,962.0,213.0,2462.0,Cecil County CoC,126.0,22.0,57.26984126984127,328.0,7090.0,7194.0
MD-508,467636.0,185742.0,165998.0,19744.0,19744.0,2839.0,637.0,2295.0,884.0,5778.0,"Charles, Calvert, St.Mary's Counties CoC",306.0,114.0,64.52287581699346,173.19298245614036,19438.0,19630.0
MD-509,361122.0,139720.0,131470.0,8250.0,8250.0,1365.0,372.0,1255.0,461.0,3864.0,Frederick City & County CoC,286.0,78.0,28.846153846153847,105.76923076923077,7964.0,8172.0
MD-510,59083.0,34077.0,23879.0,10198.0,10198.0,1070.0,190.0,437.0,166.0,2321.0,Garrett County CoC,12.0,1.0,849.8333333333334,10198.0,10186.0,10197.0
MD-511,224614.0,104711.0,88093.0,16618.0,16618.0,735.0,117.0,1367.0,510.0,6789.0,Mid-Shore Regional CoC,164.0,18.0,101.32926829268293,923.2222222222222,16454.0,16600.0
MD-512,284208.0,118199.0,106142.0,12057.0,12057.0,1614.0,396.0,1591.0,441.0,4276.0,Hagerstown/Washington County CoC,249.0,85.0,48.42168674698795,141.8470588235294,11808.0,11972.0
MD-513,218462.0,133042.0,84628.0,48414.0,48414.0,1958.0,631.0,1528.0,219.0,6317.0,"Wicomico, Somerset, Worcester Counties CoC",275.0,37.0,176.0509090909091,1308.4864864864865,48139.0,48377.0
MD-600,1220126.0,449952.0,420054.0,29898.0,29898.0,9451.0,1532.0,4185.0,1276.0,12488.0,Prince George's County CoC,447.0,73.0,66.88590604026845,409.56164383561645,29451.0,29825.0
MD-601,1287222.0,473164.0,451193.0,21971.0,21971.0,6486.0,1229.0,3200.0,1370.0,7817.0,Montgomery County CoC,647.0,75.0,33.958268933539415,292.94666666666666,21324.0,21896.0
ME-500,1372087.0,764212.0,575260.0,188952.0,188952.0,10182.0,2385.0,7692.0,3011.0,30327.0,Maine Statewide CoC,2106.0,95.0,89.72079772079772,1988.9684210526316,186846.0,188857.0
MI-500,3086930.0,1601703.0,1232837.0,368866.0,368866.0,14641.0,4268.0,16956.0,8284.0,56508.0,Michigan Balance of State CoC,1298.0,134.0,284.18027734976886,2752.731343283582,367568.0,368732.0
MI-501,901719.0,457807.0,347373.0,110434.0,110434.0,9346.0,1473.0,7834.0,5000.0,85182.0,Detroit CoC,1965.0,86.0,56.200508905852416,1284.1162790697674,108469.0,110348.0
MI-502,1344617.0,571600.0,517904.0,53696.0,53696.0,8656.0,1498.0,5652.0,2792.0,32515.0,"Dearborn, Dearborn Heights, Westland/Wayne County CoC",222.0,17.0,241.87387387387386,3158.5882352941176,53474.0,53679.0
MI-503,1021817.0,432128.0,406625.0,25503.0,25503.0,5246.0,1273.0,3111.0,1840.0,11896.0,"St. Clair Shores, Warren/Macomb County CoC",265.0,20.0,96.2377358490566,1275.15,25238.0,25483.0
MI-504,1522384.0,653973.0,609506.0,44467.0,44467.0,9634.0,2040.0,5077.0,3134.0,19066.0,"Pontiac, Royal Oak/Oakland County CoC",425.0,43.0,104.62823529411764,1034.1162790697674,44042.0,44424.0
MI-505,492917.0,227119.0,200179.0,26940.0,26940.0,3532.0,803.0,2066.0,1132.0,17259.0,Flint/Genesee County CoC,450.0,48.0,59.86666666666667,561.25,26490.0,26892.0
MI-506,774295.0,305574.0,288411.0,17163.0,17163.0,3078.0,991.0,1372.0,975.0,7059.0,"Grand Rapids, Wyoming/Kent County CoC",759.0,16.0,22.612648221343875,1072.6875,16404.0,17147.0
MI-507,354184.0,153555.0,139848.0,13707.0,13707.0,2311.0,971.0,919.0,292.0,5449.0,"Portage, Kalamazoo City & County CoC",702.0,173.0,19.525641025641026,79.23121387283237,13005.0,13534.0
MI-508,403922.0,171696.0,157348.0,14348.0,14348.0,3264.0,1369.0,1447.0,851.0,6386.0,"Lansing, East Lansing/Ingham County CoC",476.0,10.0,30.142857142857142,1434.8,13872.0,14338.0
MI-509,486346.0,200152.0,186417.0,13735.0,13735.0,2280.0,1426.0,1622.0,879.0,3948.0,Washtenaw County CoC,273.0,12.0,50.311355311355314,1144.5833333333333,13462.0,13723.0
MI-510,260289.0,117261.0,106371.0,10890.0,10890.0,2173.0,441.0,1156.0,1696.0,4342.0,Saginaw City & County CoC,364.0,12.0,29.917582417582416,907.5,10526.0,10878.0
MI-511,195831.0,87184.0,76588.0,10596.0,10596.0,513.0,77.0,771.0,414.0,3633.0,Lenawee County CoC,123.0,3.0,86.14634146341463,3532.0,10473.0,10593.0
MI-512,220267.0,131640.0,89151.0,42489.0,42489.0,1608.0,142.0,1205.0,568.0,3492.0,"Grand Traverse, Antrim, Leelanau Counties CoC",168.0,4.0,252.91071428571428,10622.25,42321.0,42485.0
MI-513,104731.0,65531.0,41672.0,23859.0,23859.0,662.0,383.0,577.0,132.0,3334.0,,,,,,,
MI-514,196400.0,87333.0,77755.0,9578.0,9578.0,1916.0,449.0,706.0,473.0,4008.0,Battle Creek/Calhoun County CoC,241.0,38.0,39.74273858921162,252.05263157894737,9337.0,9540.0
MI-515,253251.0,106690.0,99216.0,7474.0,7474.0,1117.0,379.0,1401.0,289.0,3544.0,Monroe City & County CoC,167.0,0.0,44.75449101796407,inf,7307.0,7474.0
MI-516,226457.0,97924.0,85915.0,12009.0,12009.0,1154.0,158.0,895.0,553.0,4379.0,"Norton Shores, Muskegon City & County CoC",136.0,16.0,88.30147058823529,750.5625,11873.0,11993.0
MI-517,230779.0,102651.0,89931.0,12720.0,12720.0,1528.0,302.0,1000.0,590.0,4274.0,Jackson City & County CoC,113.0,13.0,112.56637168141593,978.4615384615385,12607.0,12707.0
MI-518,303482.0,123001.0,115004.0,7997.0,7997.0,815.0,155.0,1129.0,1042.0,2110.0,Livingston County CoC,89.0,0.0,89.85393258426966,inf,7908.0,7997.0
MI-519,405766.0,156709.0,147212.0,9497.0,9497.0,1179.0,420.0,728.0,565.0,2966.0,Holland/Ottawa County CoC,225.0,17.0,42.208888888888886,558.6470588235294,9272.0,9480.0
MI-523,191513.0,81476.0,76024.0,5452.0,5452.0,1056.0,228.0,504.0,251.0,2688.0,Eaton County CoC,114.0,0.0,47.824561403508774,inf,5338.0,5452.0
MN-500,1503435.0,636341.0,606768.0,29573.0,29573.0,8277.0,3033.0,3445.0,2646.0,7895.0,Minneapolis/Hennepin County CoC,3400.0,603.0,8.697941176470588,49.043117744610285,26173.0,28970.0
MN-501,693267.0,281945.0,268911.0,13034.0,13034.0,4134.0,1507.0,1444.0,724.0,3953.0,Saint Paul/Ramsey County CoC,1579.0,317.0,8.254591513616212,41.11671924290221,11455.0,12717.0
MN-502,908698.0,394943.0,361210.0,33733.0,33733.0,5095.0,1032.0,3212.0,1768.0,14084.0,Rochester/Southeast Minnesota CoC,452.0,58.0,74.63053097345133,581.6034482758621,33281.0,33675.0
MN-503,1742656.0,670572.0,645811.0,24761.0,24761.0,4526.0,1697.0,3684.0,1898.0,7857.0,"Dakota, Anoka, Washington, Scott, Carver Counties",686.0,236.0,36.09475218658892,104.91949152542372,24075.0,24525.0
MN-504,233885.0,158313.0,99898.0,58415.0,58415.0,903.0,136.0,1595.0,376.0,5146.0,Northeast Minnesota CoC,90.0,28.0,649.0555555555555,2086.25,58325.0,58387.0
MN-505,984042.0,471850.0,376808.0,95042.0,95042.0,3107.0,995.0,2864.0,1233.0,10688.0,St. Cloud/Central Minnesota CoC,679.0,213.0,139.97349042709868,446.206572769953,94363.0,94829.0
MN-506,244470.0,132746.0,98422.0,34324.0,34324.0,1972.0,362.0,971.0,433.0,6371.0,Northwest Minnesota CoC,268.0,8.0,128.07462686567163,4290.5,34056.0,34316.0
MN-508,421910.0,217845.0,173469.0,44376.0,44376.0,3959.0,747.0,1256.0,582.0,6434.0,Moorhead/West Central Minnesota CoC,216.0,1.0,205.44444444444446,44376.0,44160.0,44375.0
MN-509,261464.0,142642.0,111960.0,30682.0,30682.0,1957.0,305.0,1290.0,380.0,4565.0,Duluth/St.Louis County CoC,519.0,183.0,59.117533718689785,167.66120218579235,30163.0,30499.0
MN-511,432757.0,205403.0,176224.0,29179.0,29179.0,2629.0,385.0,1833.0,920.0,10962.0,Southwest Minnesota CoC,88.0,6.0,331.57954545454544,4863.166666666667,29091.0,29173.0
MO-500,1194231.0,532582.0,487550.0,45032.0,45032.0,9508.0,2051.0,5287.0,2859.0,22749.0,St. Louis County CoC,487.0,27.0,92.46817248459959,1667.851851851852,44545.0,45005.0
MO-501,427817.0,234245.0,191085.0,43160.0,43160.0,8388.0,1230.0,3544.0,3401.0,25403.0,St.Louis City CoC,1031.0,53.0,41.862269641125124,814.3396226415094,42129.0,43107.0
MO-503,607571.0,247377.0,226655.0,20722.0,20722.0,3535.0,1165.0,2085.0,1374.0,7096.0,"St. Charles City & County, Lincoln, Warren Counties CoC",438.0,127.0,47.31050228310502,163.16535433070865,20284.0,20595.0
MO-600,513927.0,229179.0,208177.0,21002.0,21002.0,4541.0,850.0,2028.0,843.0,9208.0,"Springfield/Greene, Christian, Webster Counties CoC",492.0,81.0,42.6869918699187,259.28395061728395,20510.0,20921.0
MO-602,243749.0,105746.0,92822.0,12924.0,12924.0,1679.0,329.0,963.0,564.0,8518.0,"Joplin/Jasper, Newton Counties CoC",237.0,49.0,54.53164556962025,263.7551020408163,12687.0,12875.0
MO-603,188532.0,82376.0,71117.0,11259.0,11259.0,1898.0,206.0,951.0,638.0,6341.0,"St. Joseph/Andrew, Buchanan, DeKalb Counties CoC",255.0,37.0,44.15294117647059,304.2972972972973,11004.0,11222.0
MO-604,1348588.0,587703.0,531376.0,56327.0,56327.0,12087.0,2288.0,4182.0,2546.0,32675.0,,,,,,,
MO-606,3563700.0,1640746.0,1368513.0,272233.0,272233.0,27641.0,5377.0,17960.0,8805.0,114325.0,Missouri Balance of State CoC,1362.0,359.0,199.87738619676946,758.309192200557,270871.0,271874.0
MS-500,672360.0,287370.0,246096.0,41274.0,41274.0,6973.0,875.0,3418.0,1395.0,22372.0,"Jackson/Rankin, Madison Counties CoC",408.0,106.0,101.16176470588235,389.37735849056605,40866.0,41168.0
MS-501,2349063.0,1053845.0,864927.0,188918.0,188918.0,27133.0,3460.0,11110.0,7113.0,97512.0,Mississippi Balance of State CoC,480.0,189.0,393.57916666666665,999.5661375661375,188438.0,188729.0
MS-503,584776.0,262340.0,218860.0,43480.0,43480.0,8651.0,1440.0,4221.0,1025.0,18062.0,Gulf Port/Gulf Coast Regional CoC,296.0,191.0,146.8918918918919,227.64397905759162,43184.0,43289.0
MT-500,1152573.0,569758.0,469556.0,100202.0,100202.0,10864.0,1817.0,4873.0,2204.0,25769.0,Montana Statewide CoC,1357.0,345.0,73.84082535003685,290.4405797101449,98845.0,99857.0
NC-500,498716.0,219146.0,196279.0,22867.0,22867.0,7159.0,197.0,2839.0,556.0,9945.0,Winston-Salem/Forsyth County CoC,454.0,24.0,50.36784140969163,952.7916666666666,22413.0,22843.0
NC-501,345718.0,172283.0,144001.0,28282.0,28282.0,2771.0,423.0,2397.0,1288.0,9038.0,Asheville/Buncombe County CoC,580.0,78.0,48.762068965517244,362.5897435897436,27702.0,28204.0
NC-502,451676.0,193256.0,178635.0,14621.0,14621.0,5246.0,901.0,890.0,497.0,6434.0,Durham City & County CoC,361.0,81.0,40.501385041551245,180.50617283950618,14260.0,14540.0
NC-503,6395786.0,2925354.0,2449926.0,475428.0,475428.0,53146.0,9432.0,32933.0,12424.0,202977.0,North Carolina Balance of State CoC,2989.0,850.0,159.05921712947475,559.3270588235295,472439.0,474578.0
NC-504,653130.0,284089.0,254776.0,29313.0,29313.0,7777.0,1511.0,2321.0,698.0,14697.0,"Greensboro, High Point CoC",586.0,61.0,50.022184300341294,480.5409836065574,28727.0,29252.0
NC-505,1319289.0,536690.0,497246.0,39444.0,39444.0,13547.0,3527.0,3793.0,2219.0,11986.0,Charlotte/Mecklenberg CoC,1742.0,196.0,22.642939150401837,201.24489795918367,37702.0,39248.0
NC-506,499384.0,276025.0,204490.0,71535.0,71535.0,7067.0,778.0,2905.0,1762.0,11020.0,"Wilmington/Brunswick, New Hanover, Pender Counties CoC",431.0,162.0,165.97447795823666,441.5740740740741,71104.0,71373.0
NC-507,1252555.0,507598.0,470784.0,36814.0,36814.0,10038.0,5820.0,2992.0,2066.0,13446.0,Raleigh/Wake County CoC,970.0,236.0,37.952577319587625,155.9915254237288,35844.0,36578.0
NC-509,569656.0,244822.0,216286.0,28536.0,28536.0,4227.0,439.0,1977.0,1086.0,17164.0,"Gastonia/Cleveland, Gaston, Lincoln Counties CoC",324.0,72.0,88.07407407407408,396.3333333333333,28212.0,28464.0
NC-511,451831.0,197202.0,167610.0,29592.0,29592.0,6414.0,2138.0,3449.0,2161.0,13509.0,Fayetteville/Cumberland County CoC,329.0,226.0,89.94528875379939,130.93805309734512,29263.0,29366.0
NC-513,263740.0,111370.0,102769.0,8601.0,8601.0,1607.0,639.0,1029.0,246.0,4321.0,Chapel Hill/Orange County CoC,131.0,29.0,65.65648854961832,296.58620689655174,8470.0,8572.0
NC-516,341974.0,195963.0,140390.0,55573.0,55573.0,2740.0,813.0,2402.0,710.0,14500.0,Northwest North Carolina CoC,417.0,253.0,133.2685851318945,219.65612648221344,55156.0,55320.0
ND-500,845378.0,415739.0,354405.0,61334.0,61334.0,13811.0,3047.0,3924.0,1515.0,20401.0,North Dakota Statewide CoC,557.0,12.0,110.1149012567325,5111.166666666667,60777.0,61322.0
NE-500,1185874.0,543513.0,474435.0,69078.0,69078.0,7719.0,1674.0,4060.0,2444.0,34145.0,Nebraska Balance of State CoC,506.0,20.0,136.5177865612648,3453.9,68572.0,69058.0
NE-501,906577.0,375747.0,349854.0,25893.0,25893.0,8502.0,1153.0,2063.0,1250.0,9989.0,"Omaha, Council Bluffs CoC",1410.0,46.0,18.363829787234042,562.8913043478261,24483.0,25847.0
NE-502,313158.0,131099.0,124324.0,6775.0,6775.0,2087.0,628.0,469.0,575.0,2429.0,Lincoln CoC,449.0,44.0,15.089086859688196,153.97727272727272,6326.0,6731.0
NH-500,1251797.0,614917.0,496341.0,118576.0,118576.0,6100.0,1911.0,5049.0,1696.0,17139.0,New Hampshire Balance of State CoC,669.0,95.0,177.24364723467863,1248.1684210526316,117907.0,118481.0
NH-501,158331.0,66550.0,62820.0,3730.0,3730.0,1201.0,361.0,306.0,89.0,1538.0,Manchester CoC,461.0,51.0,8.091106290672451,73.13725490196079,3269.0,3679.0
NH-502,464721.0,190371.0,175680.0,14691.0,14691.0,1077.0,678.0,823.0,552.0,3911.0,Nashua/Hillsborough County CoC,266.0,3.0,55.22932330827068,4897.0,14425.0,14688.0
NJ-500,303581.0,143496.0,113645.0,29851.0,29851.0,2591.0,151.0,2053.0,564.0,6612.0,Atlantic City & County CoC,357.0,96.0,83.61624649859944,310.9479166666667,29494.0,29755.0
NJ-501,1170567.0,445486.0,422459.0,23027.0,23027.0,5481.0,764.0,3005.0,2135.0,9854.0,Bergen County CoC,271.0,4.0,84.97047970479704,5756.75,22756.0,23023.0
NJ-502,650068.0,264739.0,244756.0,19983.0,19983.0,2777.0,792.0,3212.0,968.0,10222.0,Burlington County CoC,518.0,23.0,38.577220077220076,868.8260869565217,19465.0,19960.0
NJ-503,1160666.0,525247.0,428755.0,96492.0,96492.0,11561.0,1497.0,5652.0,1685.0,23971.0,"Camden City & County/Gloucester, Cape May, Cumberland Counties CoC",979.0,219.0,98.56179775280899,440.6027397260274,95513.0,96273.0
NJ-504,995227.0,390903.0,355734.0,35169.0,35169.0,10742.0,1142.0,3185.0,1638.0,17365.0,Newark/Essex County CoC,2235.0,338.0,15.735570469798658,104.05029585798816,32934.0,34831.0
NJ-506,772891.0,324840.0,298563.0,26277.0,26277.0,9388.0,2167.0,2057.0,1920.0,8502.0,"Jersey City, Bayonne/Hudson County CoC",890.0,267.0,29.524719101123594,98.41573033707866,25387.0,26010.0
NJ-507,1062221.0,391245.0,368978.0,22267.0,22267.0,4679.0,1599.0,3081.0,974.0,9354.0,New Brunswick/Middlesex County CoC,620.0,135.0,35.91451612903226,164.94074074074075,21647.0,22132.0
NJ-508,750591.0,304662.0,274832.0,29830.0,29830.0,2485.0,647.0,2599.0,1886.0,8518.0,Monmouth County CoC,359.0,54.0,83.09192200557104,552.4074074074074,29471.0,29776.0
NJ-509,684429.0,267638.0,251315.0,16323.0,16323.0,3044.0,457.0,2622.0,1169.0,5691.0,Morris County CoC,388.0,42.0,42.06958762886598,388.64285714285717,15935.0,16281.0
NJ-510,677831.0,314811.0,254535.0,60276.0,60276.0,1437.0,252.0,3506.0,1670.0,12757.0,Lakewood Township/Ocean County CoC,305.0,30.0,197.62622950819673,2009.2,59971.0,60246.0
NJ-511,750343.0,272256.0,254026.0,18230.0,18230.0,3327.0,380.0,2195.0,1171.0,8641.0,Paterson/Passaic County CoC,391.0,117.0,46.62404092071611,155.81196581196582,17839.0,18113.0
NJ-512,124332.0,50526.0,45204.0,5322.0,5322.0,896.0,174.0,782.0,348.0,2834.0,Salem County CoC,29.0,0.0,183.51724137931035,inf,5293.0,5322.0
NJ-513,519855.0,193430.0,180632.0,12798.0,12798.0,2157.0,984.0,2063.0,881.0,5507.0,Somerset County CoC,301.0,6.0,42.51827242524917,2133.0,12497.0,12792.0
NJ-514,463377.0,182183.0,164517.0,17666.0,17666.0,2706.0,308.0,1592.0,190.0,11633.0,Trenton/Mercer County CoC,448.0,84.0,39.433035714285715,210.3095238095238,17218.0,17582.0
NJ-515,728492.0,264592.0,247959.0,16633.0,16633.0,4214.0,719.0,2441.0,1760.0,6870.0,Elizabeth/Union County CoC,437.0,39.0,38.06178489702517,426.4871794871795,16196.0,16594.0
NJ-516,582120.0,246272.0,218347.0,27925.0,27925.0,2662.0,358.0,4186.0,1134.0,10448.0,"Warren, Sussex, Hunterdon Counties CoC",334.0,28.0,83.60778443113773,997.3214285714286,27591.0,27897.0
NM-500,674388.0,291170.0,265620.0,25550.0,25550.0,8366.0,1377.0,2875.0,1294.0,9207.0,Albuquerque CoC,1524.0,567.0,16.76509186351706,45.06172839506173,24026.0,24983.0
NM-501,2018962.0,893082.0,724961.0,168121.0,168121.0,21249.0,4528.0,11954.0,4675.0,65870.0,New Mexico Balance of State CoC,1717.0,692.0,97.91555037856727,242.94942196531792,166404.0,167429.0
NV-500,2251589.0,939526.0,811413.0,128113.0,128113.0,36339.0,6670.0,9946.0,5337.0,28393.0,Las Vegas/Clark County CoC,5530.0,3317.0,23.166907775768536,38.62315345191438,122583.0,124796.0
NV-501,520732.0,232065.0,207315.0,24750.0,24750.0,3845.0,736.0,1956.0,871.0,6249.0,"Reno, Sparks/Washoe County CoC",1256.0,226.0,19.705414012738853,109.51327433628319,23494.0,24524.0
NV-502,463132.0,215729.0,176682.0,39047.0,39047.0,3435.0,323.0,2585.0,989.0,12270.0,Nevada Balance of State CoC,383.0,264.0,101.95039164490862,147.90530303030303,38664.0,38783.0
NY-500,827037.0,365576.0,336729.0,28847.0,28847.0,8500.0,2246.0,1873.0,1414.0,12152.0,"Rochester, Irondequoit, Greece/Monroe County CoC",849.0,35.0,33.97762073027091,824.2,27998.0,28812.0
NY-501,455599.0,228097.0,182198.0,45899.0,45899.0,3453.0,749.0,2083.0,923.0,13194.0,"Elmira/Steuben, Allegany, Livingston, Chemung, Schuyler Counties CoC",240.0,7.0,191.24583333333334,6557.0,45659.0,45892.0
NY-503,433197.0,202709.0,177506.0,25203.0,25203.0,4107.0,1443.0,1659.0,650.0,12341.0,Albany City & County CoC,750.0,34.0,33.604,741.2647058823529,24453.0,25169.0
NY-504,145594.0,77249.0,59712.0,17537.0,17537.0,770.0,165.0,786.0,421.0,4299.0,,,,,,,
NY-505,762426.0,350021.0,302544.0,47477.0,47477.0,7919.0,2301.0,3562.0,1757.0,16131.0,"Syracuse, Auburn/Onondaga, Oswego, Cayuga Counties CoC",732.0,13.0,64.85928961748634,3652.076923076923,46745.0,47464.0
NY-507,232435.0,102916.0,84938.0,17978.0,17978.0,1881.0,235.0,940.0,559.0,13539.0,Schenectady City & County CoC,372.0,22.0,48.32795698924731,817.1818181818181,17606.0,17956.0
NY-508,1347696.0,625571.0,564368.0,61203.0,61203.0,10641.0,2323.0,5600.0,2583.0,31548.0,"Buffalo, Niagara Falls/Erie, Niagara, Orleans, Genesee, Wyoming Counties CoC",924.0,33.0,66.23701298701299,1854.6363636363637,60279.0,61170.0
NY-510,149708.0,66426.0,58281.0,8145.0,8145.0,1174.0,792.0,694.0,116.0,2388.0,Ithaca/Tompkins County CoC,171.0,0.0,47.63157894736842,inf,7974.0,8145.0
NY-511,579015.0,300619.0,234857.0,65762.0,65762.0,5106.0,1509.0,2965.0,1987.0,18699.0,"Binghamton, Union Town/Broome, Otsego, Chenango, Delaware, Cortland, Tioga Count",318.0,9.0,206.7987421383648,7306.888888888889,65444.0,65753.0
NY-512,267154.0,125478.0,109363.0,16115.0,16115.0,2005.0,655.0,1179.0,293.0,8242.0,Troy/Rensselaer County CoC,199.0,10.0,80.97989949748744,1611.5,15916.0,16105.0
NY-513,385164.0,182430.0,153801.0,28629.0,28629.0,2338.0,536.0,1459.0,799.0,7496.0,"Wayne, Ontario, Seneca, Yates Counties CoC",205.0,1.0,139.65365853658537,28629.0,28424.0,28628.0
NY-514,168938.0,85895.0,68695.0,17200.0,17200.0,1047.0,491.0,879.0,322.0,4282.0,"Jamestown, Dunkirk/Chautauqua County CoC",96.0,0.0,179.16666666666666,inf,17104.0,17200.0
NY-516,110190.0,55452.0,43790.0,11662.0,11662.0,432.0,133.0,595.0,129.0,3060.0,,,,,,,
NY-518,387470.0,185402.0,149389.0,36013.0,36013.0,2865.0,951.0,2113.0,1234.0,11751.0,"Utica, Rome/Oneida, Madison Counties CoC",168.0,14.0,214.36309523809524,2572.3571428571427,35845.0,35999.0
NY-519,188747.0,110599.0,75893.0,34706.0,34706.0,1043.0,254.0,1752.0,335.0,7243.0,"Columbia, Greene Counties CoC",200.0,4.0,173.53,8676.5,34506.0,34702.0
NY-520,165652.0,98859.0,66293.0,32566.0,32566.0,754.0,115.0,976.0,261.0,5116.0,"Franklin, Essex Counties CoC",24.0,3.0,1356.9166666666667,10855.333333333334,32542.0,32563.0
NY-522,292708.0,160773.0,112826.0,47947.0,47947.0,2848.0,678.0,1963.0,1046.0,6412.0,"Jefferson, Lewis, St. Lawrence Counties CoC",53.0,4.0,904.6603773584906,11986.75,47894.0,47943.0
NY-523,496290.0,261025.0,202839.0,58186.0,58186.0,3178.0,869.0,2186.0,856.0,11200.0,"Glens Falls, Saratoga Springs/Saratoga, Washington, Warren, Hamilton Counties Co",268.0,7.0,217.11194029850745,8312.285714285714,57918.0,58179.0
NY-525,537108.0,264635.0,203405.0,61230.0,61230.0,2497.0,811.0,3200.0,1344.0,14970.0,New York Balance of State Continuum of Care,527.0,5.0,116.18595825426945,12246.0,60703.0,61225.0
NY-600,8568097.0,3547064.0,3216318.0,330746.0,330746.0,76927.0,20617.0,20894.0,16726.0,119840.0,New York City CoC,78604.0,3622.0,4.207750241717979,91.31584759801214,252142.0,327124.0
NY-601,411814.0,175827.0,154222.0,21605.0,21605.0,2336.0,628.0,2245.0,1073.0,7360.0,Poughkeepsie/Dutchess County CoC,533.0,10.0,40.53470919324578,2160.5,21072.0,21595.0
NY-602,502188.0,196213.0,171727.0,24486.0,24486.0,2222.0,340.0,3419.0,1516.0,9906.0,"Newburgh, Middletown/Orange County CoC",589.0,51.0,41.57215619694397,480.11764705882354,23897.0,24435.0
NY-603,2941355.0,1084170.0,969764.0,114406.0,114406.0,10058.0,2276.0,9892.0,7204.0,26509.0,"Nassau, Suffolk Counties CoC",3843.0,46.0,29.769971376528755,2487.086956521739,110563.0,114360.0
NY-604,1098602.0,422081.0,392657.0,29424.0,29424.0,6188.0,1108.0,4459.0,2149.0,9598.0,"Yonkers, Mount Vernon/Westchester County CoC",1812.0,32.0,16.23841059602649,919.5,27612.0,29392.0
NY-606,400446.0,133525.0,126143.0,7382.0,7382.0,1084.0,649.0,986.0,440.0,3102.0,Rockland County CoC,182.0,43.0,40.56043956043956,171.67441860465115,7200.0,7339.0
NY-607,143265.0,86683.0,52004.0,34679.0,34679.0,1185.0,109.0,978.0,393.0,5398.0,,,,,,,
NY-608,294143.0,146194.0,111029.0,35165.0,35165.0,1784.0,402.0,1748.0,862.0,8116.0,Kingston/Ulster County CoC,432.0,42.0,81.40046296296296,837.2619047619048,34733.0,35123.0
OH-500,962300.0,442118.0,400253.0,41865.0,41865.0,9313.0,2500.0,2465.0,1454.0,24623.0,Cincinnati/Hamilton County CoC,1082.0,31.0,38.69223659889094,1350.483870967742,40783.0,41834.0
OH-501,521297.0,241201.0,215683.0,25518.0,25518.0,4687.0,694.0,2090.0,851.0,15973.0,Toledo/Lucas County CoC,611.0,12.0,41.764320785597384,2126.5,24907.0,25506.0
OH-502,1413769.0,686936.0,606637.0,80299.0,80299.0,16722.0,3245.0,6043.0,3529.0,47365.0,Cleveland/Cuyahoga County CoC,1618.0,106.0,49.628553770086526,757.5377358490566,78681.0,80193.0
OH-503,1487207.0,628319.0,581111.0,47208.0,47208.0,13444.0,3732.0,3640.0,1485.0,21685.0,Columbus/Franklin County CoC,1907.0,382.0,24.75511274252753,123.58115183246073,45301.0,46826.0
OH-504,325416.0,156057.0,138429.0,17628.0,17628.0,2620.0,583.0,2926.0,643.0,9185.0,Youngstown/Mahoning County CoC,148.0,9.0,119.10810810810811,1958.6666666666667,17480.0,17619.0
OH-505,686863.0,317624.0,283503.0,34121.0,34121.0,6199.0,1602.0,3633.0,1835.0,19508.0,"Dayton, Kettering/Montgomery County CoC",681.0,49.0,50.10425844346549,696.3469387755102,33440.0,34072.0
OH-506,749146.0,331521.0,305804.0,25717.0,25717.0,4993.0,1323.0,3132.0,981.0,14257.0,"Akron, Barberton/Summit County CoC",546.0,87.0,47.1007326007326,295.5977011494253,25171.0,25630.0
OH-507,7367833.0,3181916.0,2866158.0,315758.0,315758.0,42931.0,11914.0,28288.0,16678.0,161993.0,Ohio Balance of State CoC,3479.0,814.0,90.76113825812016,387.90909090909093,312279.0,314944.0
OH-508,434663.0,193608.0,177566.0,16042.0,16042.0,1836.0,1138.0,1557.0,888.0,9261.0,"Canton, Massillon, Alliance/Stark County CoC",273.0,17.0,58.76190476190476,943.6470588235294,15769.0,16025.0
OK-500,476332.0,211595.0,178527.0,33068.0,33068.0,4681.0,1409.0,2377.0,3036.0,18177.0,North Central Oklahoma CoC,178.0,7.0,185.77528089887642,4724.0,32890.0,33061.0
OK-501,842694.0,362964.0,324790.0,38174.0,38174.0,10540.0,1365.0,3590.0,2433.0,17665.0,Tulsa City & County CoC,1188.0,296.0,32.13299663299663,128.96621621621622,36986.0,37878.0
OK-502,955756.0,395267.0,356290.0,38977.0,38977.0,12339.0,1704.0,3254.0,1826.0,18202.0,Oklahoma City CoC,1273.0,384.0,30.618224666142968,101.50260416666667,37704.0,38593.0
OK-503,1051088.0,440356.0,381023.0,59333.0,59333.0,9864.0,1809.0,4957.0,2055.0,34026.0,Oklahoma Balance of State CoC,279.0,166.0,212.663082437276,357.4277108433735,59054.0,59167.0
OK-504,304193.0,124054.0,113956.0,10098.0,10098.0,2958.0,688.0,1146.0,578.0,4097.0,Norman/Cleveland County CoC,347.0,215.0,29.10086455331412,46.967441860465115,9751.0,9883.0
OK-505,708698.0,313995.0,264057.0,49938.0,49938.0,5221.0,835.0,4055.0,1870.0,24405.0,Northeast Oklahoma CoC,228.0,71.0,219.02631578947367,703.3521126760563,49710.0,49867.0
OK-506,496570.0,223238.0,180324.0,42914.0,42914.0,5393.0,532.0,2798.0,4414.0,24709.0,Southwest Oklahoma Regional CoC,158.0,22.0,271.60759493670884,1950.6363636363637,42756.0,42892.0
OK-507,791777.0,375590.0,299998.0,75592.0,75592.0,7463.0,938.0,4962.0,2791.0,38318.0,Southeastern Oklahoma Regional CoC,293.0,76.0,257.9931740614334,994.6315789473684,75299.0,75516.0
OR-500,429522.0,192481.0,174965.0,17516.0,17516.0,1950.0,1002.0,1530.0,656.0,4001.0,"Eugene, Springfield/Lane County CoC",2165.0,1633.0,8.0905311778291,10.72627066748316,15351.0,15883.0
OR-501,1021132.0,440701.0,412462.0,28239.0,28239.0,7974.0,1521.0,2644.0,1838.0,8090.0,"Portland, Gresham/Multnomah County CoC",4015.0,2037.0,7.033374844333748,13.863033873343152,24224.0,26202.0
OR-502,257881.0,117692.0,105920.0,11772.0,11772.0,880.0,318.0,1366.0,568.0,3832.0,"Medford, Ashland/Jackson County CoC",712.0,364.0,16.53370786516854,32.34065934065934,11060.0,11408.0
OR-503,269944.0,131710.0,108300.0,23410.0,23410.0,1138.0,61.0,1642.0,220.0,3336.0,Central Oregon CoC,880.0,614.0,26.602272727272727,38.127035830618894,22530.0,22796.0
OR-505,1874744.0,826649.0,721142.0,105507.0,105507.0,11060.0,2360.0,8290.0,3361.0,29739.0,Oregon Balance of State CoC,7103.0,5039.0,14.85386456426862,20.93808295296686,98404.0,100468.0
OR-506,703085.0,278558.0,263492.0,15066.0,15066.0,3050.0,1242.0,1779.0,1106.0,4053.0,"Hillsboro, Beaverton/Washington County CoC",530.0,232.0,28.42641509433962,64.9396551724138,14536.0,14834.0
OR-507,581783.0,233915.0,219154.0,14761.0,14761.0,2331.0,368.0,1787.0,897.0,4489.0,Clackamas County CoC,471.0,223.0,31.339702760084926,66.19282511210763,14290.0,14538.0
PA-500,1754956.0,758669.0,667857.0,90812.0,90812.0,20541.0,5010.0,7021.0,5707.0,48673.0,Philadelphia CoC,5735.0,973.0,15.834699215344378,93.33196300102775,85077.0,89839.0
PA-501,397625.0,177783.0,161604.0,16179.0,16179.0,3081.0,556.0,1619.0,818.0,8606.0,Harrisburg/Dauphin County CoC,418.0,48.0,38.70574162679426,337.0625,15761.0,16131.0
PA-502,680382.0,274046.0,252714.0,21332.0,21332.0,4858.0,649.0,3176.0,1742.0,9966.0,"Upper Darby, Chester, Haverford/Delaware County CoC",400.0,48.0,53.33,444.4166666666667,20932.0,21284.0
PA-503,401586.0,198315.0,163802.0,34513.0,34513.0,2885.0,693.0,2681.0,805.0,14150.0,"Wilkes-Barre, Hazleton/Luzerne County CoC",164.0,7.0,210.4451219512195,4930.428571428572,34349.0,34506.0
PA-504,1039961.0,421664.0,398864.0,22800.0,22800.0,7234.0,1066.0,3977.0,1831.0,7589.0,"Lower Merion, Norristown, Abington/Montgomery County CoC",246.0,19.0,92.6829268292683,1200.0,22554.0,22781.0
PA-505,732809.0,279277.0,265969.0,13308.0,13308.0,3374.0,824.0,2201.0,671.0,5206.0,Chester County CoC,528.0,20.0,25.204545454545453,665.4,12780.0,13288.0
PA-506,502616.0,201572.0,187364.0,14208.0,14208.0,3559.0,425.0,2196.0,805.0,5864.0,Reading/Berks County CoC,597.0,10.0,23.798994974874372,1420.8,13611.0,14198.0
PA-508,277054.0,139067.0,112461.0,26606.0,26606.0,1606.0,440.0,1342.0,2061.0,7367.0,Scranton/Lackawanna County CoC,186.0,9.0,143.04301075268816,2956.222222222222,26420.0,26597.0
PA-509,3687073.0,1697224.0,1437472.0,259752.0,259752.0,20790.0,5282.0,17151.0,6914.0,80691.0,Eastern Pennsylvania CoC,1843.0,337.0,140.9397721106891,770.7774480712167,257909.0,259415.0
PA-510,677465.0,264919.0,251555.0,13364.0,13364.0,2346.0,839.0,1685.0,621.0,6311.0,Lancaster City & County CoC,422.0,12.0,31.66824644549763,1113.6666666666667,12942.0,13352.0
PA-511,772378.0,309658.0,293307.0,16351.0,16351.0,3022.0,734.0,2516.0,1261.0,7631.0,"Bristol, Bensalem/Bucks County CoC",359.0,21.0,45.54596100278552,778.6190476190476,15992.0,16330.0
PA-512,604744.0,245052.0,230107.0,14945.0,14945.0,2463.0,704.0,2197.0,1585.0,7066.0,York City & County CoC,321.0,32.0,46.557632398753896,467.03125,14624.0,14913.0
PA-600,1350345.0,658959.0,595225.0,63734.0,63734.0,11368.0,3082.0,5765.0,2906.0,38007.0,"Pittsburgh, McKeesport, Penn Hills/Allegheny County CoC",774.0,48.0,82.34366925064599,1327.7916666666667,62960.0,63686.0
PA-601,2133674.0,1047064.0,884031.0,163033.0,163033.0,13434.0,4112.0,13044.0,6181.0,57847.0,Western Pennsylvania CoC,727.0,34.0,224.2544704264099,4795.088235294118,162306.0,162999.0
PA-603,247292.0,114868.0,104098.0,10770.0,10770.0,2091.0,520.0,1540.0,868.0,5313.0,Beaver County CoC,123.0,6.0,87.5609756097561,1795.0,10647.0,10764.0
PA-605,321211.0,143133.0,127251.0,15882.0,15882.0,3141.0,421.0,1548.0,692.0,5392.0,Erie City & County CoC,356.0,6.0,44.6123595505618,2647.0,15526.0,15876.0
PR-502,1713946.0,801162.0,628657.0,172505.0,172505.0,17976.0,3085.0,13467.0,3313.0,107935.0,Puerto Rico Balance of Commonwealth CoC,1345.0,908.0,128.25650557620818,189.98348017621146,171160.0,171597.0
PR-503,2127253.0,987066.0,747554.0,239512.0,239512.0,17930.0,2541.0,17464.0,3251.0,143470.0,South-Southeast Puerto Rico CoC,1190.0,992.0,201.27058823529413,241.44354838709677,238322.0,238520.0
RI-500,1172143.0,517894.0,455888.0,62006.0,62006.0,10479.0,3340.0,4628.0,1969.0,22551.0,Rhode Island Statewide CoC,1055.0,71.0,58.77345971563981,873.3239436619718,60951.0,61935.0
SC-500,1148962.0,520235.0,433597.0,86638.0,86638.0,13285.0,2394.0,5606.0,2372.0,20710.0,Charleston/Low Country CoC,403.0,128.0,214.98263027295286,676.859375,86235.0,86510.0
SC-501,1717896.0,768105.0,659697.0,108408.0,108408.0,13773.0,3765.0,8141.0,3270.0,49012.0,"Greenville, Anderson, Spartanburg/Upstate CoC",1401.0,506.0,77.37901498929337,214.24505928853756,107007.0,107902.0
SC-502,1751792.0,761921.0,664170.0,97751.0,97751.0,13843.0,3395.0,8492.0,2495.0,53755.0,Columbia/Midlands CoC,1215.0,292.0,80.45349794238683,334.763698630137,96536.0,97459.0
SC-503,1175256.0,601819.0,453773.0,148046.0,148046.0,24990.0,1359.0,6775.0,1648.0,38627.0,"Myrtle Beach, Sumter City & County CoC",1153.0,791.0,128.4006938421509,187.16308470290772,146893.0,147255.0
SD-500,1000547.0,458084.0,398194.0,59890.0,59890.0,9193.0,2241.0,3442.0,1500.0,23820.0,South Dakota Statewide CoC,995.0,234.0,60.19095477386934,255.94017094017093,58895.0,59656.0
TN-500,919103.0,414939.0,361473.0,53466.0,53466.0,8493.0,1254.0,4148.0,1768.0,25709.0,Chattanooga/Southeast Tennessee CoC,463.0,181.0,115.47732181425486,295.3922651933702,53003.0,53285.0
TN-501,1055193.0,452768.0,394317.0,58451.0,58451.0,16646.0,3532.0,3530.0,1941.0,30407.0,Memphis/Shelby County CoC,1325.0,58.0,44.11396226415094,1007.7758620689655,57126.0,58393.0
TN-502,565261.0,251482.0,227596.0,23886.0,23886.0,4870.0,1344.0,2507.0,909.0,11099.0,Knoxville/Knox County CoC,800.0,195.0,29.8575,122.49230769230769,23086.0,23691.0
TN-503,1588884.0,649597.0,584168.0,65429.0,65429.0,10581.0,1604.0,5415.0,3873.0,33457.0,Central Tennessee CoC,357.0,47.0,183.27450980392157,1392.1063829787233,65072.0,65382.0
TN-504,890274.0,386013.0,352238.0,33775.0,33775.0,10857.0,3318.0,2642.0,2006.0,11006.0,Nashville-Davidson County CoC,1986.0,585.0,17.006545820745217,57.73504273504273,31789.0,33190.0
TN-506,814367.0,359259.0,313047.0,46212.0,46212.0,5377.0,825.0,3453.0,1653.0,23220.0,Upper Cumberland CoC,273.0,65.0,169.27472527472528,710.9538461538461,45939.0,46147.0
TN-507,900237.0,412239.0,343607.0,68632.0,68632.0,7439.0,1646.0,4763.0,3148.0,34392.0,Jackson/West Tennessee CoC,959.0,851.0,71.56621480709072,80.64864864864865,67673.0,67781.0
TN-509,640975.0,315848.0,266208.0,49640.0,49640.0,3809.0,1373.0,3580.0,1068.0,25873.0,Appalachian Regional CoC,405.0,149.0,122.5679012345679,333.1543624161074,49235.0,49491.0
TN-510,430830.0,164473.0,153706.0,10767.0,10767.0,2910.0,1118.0,814.0,1629.0,3297.0,Murfreesboro/Rutherford County CoC,384.0,162.0,28.0390625,66.46296296296296,10383.0,10605.0
TN-512,897630.0,426100.0,348794.0,77306.0,77306.0,9410.0,2701.0,5411.0,1497.0,28817.0,"Morristown/Blount, Sevier, Campbell, Cocke Counties CoC",515.0,305.0,150.10873786407768,253.46229508196723,76791.0,77001.0
TX-500,2149669.0,764754.0,701868.0,62886.0,62886.0,23315.0,2838.0,6485.0,2222.0,22838.0,San Antonio/Bexar County CoC,2872.0,1187.0,21.89623955431755,52.97893850042123,60014.0,61699.0
TX-503,1603258.0,647619.0,594933.0,52686.0,52686.0,18428.0,4618.0,4382.0,1871.0,12342.0,Austin/Travis County CoC,2255.0,1086.0,23.364079822616407,48.51381215469613,50431.0,51600.0
TX-600,4226532.0,1614688.0,1492728.0,121960.0,121960.0,52391.0,11294.0,10194.0,6025.0,35276.0,"Dallas City & County, Irving CoC",4538.0,1452.0,26.875275451740855,83.99449035812673,117422.0,120508.0
TX-601,2429134.0,912111.0,836522.0,75589.0,75589.0,29148.0,6135.0,5993.0,5911.0,21021.0,"Fort Worth, Arlington/Tarrant County CoC",2028.0,560.0,37.27268244575937,134.98035714285714,73561.0,75029.0
TX-603,890626.0,315460.0,284342.0,31118.0,31118.0,12430.0,1622.0,3138.0,1337.0,8100.0,El Paso City & County CoC,809.0,183.0,38.46477132262052,170.04371584699453,30309.0,30935.0
TX-604,478497.0,204729.0,168788.0,35941.0,35941.0,2965.0,1027.0,2275.0,1430.0,17690.0,Waco/McLennan County CoC,193.0,69.0,186.22279792746113,520.8840579710145,35748.0,35872.0
TX-607,12809261.0,5047608.0,4304288.0,743320.0,743320.0,109727.0,21176.0,51196.0,29537.0,315495.0,Texas Balance of State CoC,8072.0,4656.0,92.08622398414272,159.64776632302406,735248.0,738664.0
TX-611,230775.0,95579.0,85769.0,9810.0,9810.0,3408.0,323.0,1086.0,165.0,4339.0,Amarillo CoC,777.0,331.0,12.625482625482626,29.637462235649547,9033.0,9479.0
TX-624,535524.0,236049.0,191131.0,44918.0,44918.0,4463.0,690.0,3213.0,2142.0,21900.0,"Wichita Falls/Wise, Palo Pinto, Wichita, Archer Counties CoC",243.0,63.0,184.84773662551441,712.984126984127,44675.0,44855.0
TX-700,6296365.0,2351215.0,2144326.0,206889.0,206889.0,78863.0,11635.0,20443.0,9817.0,70618.0,"Houston, Pasadena, Conroe/Harris, Ft. Bend, Montgomery, Counties CoC",3938.0,1614.0,52.53656678517014,128.18401486988847,202951.0,205275.0
TX-701,485713.0,203853.0,167299.0,36554.0,36554.0,5523.0,1763.0,1559.0,1748.0,13074.0,"Bryan, College Station/Brazos Valley CoC",123.0,21.0,297.1869918699187,1740.6666666666667,36431.0,36533.0
UT-500,1252801.0,439470.0,409892.0,29578.0,29578.0,8539.0,2053.0,2241.0,1543.0,6850.0,Salt Lake City & County CoC,1844.0,193.0,16.04013015184382,153.2538860103627,27734.0,29385.0
UT-503,1476362.0,558718.0,475340.0,83378.0,83378.0,9137.0,1324.0,5583.0,2073.0,19726.0,Utah Balance of State CoC,793.0,151.0,105.14249684741488,552.1721854304636,82585.0,83227.0
UT-504,815272.0,270955.0,232732.0,38223.0,38223.0,5106.0,660.0,1621.0,985.0,4738.0,Provo/Mountainland CoC,161.0,64.0,237.40993788819875,597.234375,38062.0,38159.0
VA-500,1226190.0,503847.0,465996.0,37851.0,37851.0,7732.0,3383.0,3996.0,3255.0,15379.0,"Richmond/Henrico, Chesterfield, Hanover Counties CoC",497.0,170.0,76.158953722334,222.6529411764706,37354.0,37681.0
VA-501,815335.0,325026.0,296673.0,28353.0,28353.0,7525.0,1382.0,3728.0,901.0,12921.0,"Norfolk, Chesapeake, Suffolk/Isle of Wight, Southampton Counties CoC",700.0,86.0,40.504285714285714,329.6860465116279,27653.0,28267.0
VA-502,372553.0,176877.0,153353.0,23524.0,23524.0,4361.0,574.0,2473.0,574.0,8758.0,"Roanoke City & County, Salem CoC",319.0,15.0,73.74294670846395,1568.2666666666667,23205.0,23509.0
VA-503,513062.0,213476.0,193914.0,19562.0,19562.0,4110.0,1292.0,2207.0,837.0,4506.0,Virginia Beach CoC,260.0,54.0,75.23846153846154,362.25925925925924,19302.0,19508.0
VA-504,394707.0,178583.0,154055.0,24528.0,24528.0,1859.0,877.0,1670.0,817.0,10215.0,Charlottesville CoC,165.0,26.0,148.65454545454546,943.3846153846154,24363.0,24502.0
VA-505,496325.0,213859.0,191475.0,22384.0,22384.0,8548.0,945.0,2343.0,1002.0,6337.0,"Newport News, Hampton/Virginia Peninsula CoC",427.0,52.0,52.421545667447305,430.46153846153845,21957.0,22332.0
VA-507,142034.0,58583.0,52667.0,5916.0,5916.0,1662.0,244.0,936.0,141.0,2788.0,Portsmouth CoC,119.0,11.0,49.714285714285715,537.8181818181819,5797.0,5905.0
VA-508,357676.0,166246.0,139473.0,26773.0,26773.0,2187.0,959.0,1167.0,524.0,13136.0,Lynchburg CoC,78.0,14.0,343.2435897435897,1912.357142857143,26695.0,26759.0
VA-513,481480.0,212524.0,181305.0,31219.0,31219.0,2777.0,988.0,2176.0,746.0,9977.0,"Harrisburg, Winchester/Western Virginia CoC",342.0,28.0,91.28362573099415,1114.9642857142858,30877.0,31191.0
VA-514,468185.0,175958.0,160418.0,15540.0,15540.0,2450.0,564.0,1791.0,672.0,4390.0,"Fredericksburg/Spotsylvania, Stafford Counties CoC",221.0,36.0,70.31674208144797,431.6666666666667,15319.0,15504.0
VA-521,2450665.0,1186274.0,963276.0,222998.0,222998.0,15955.0,4825.0,14256.0,4752.0,102887.0,Virginia Balance of State CoC,761.0,124.0,293.0328515111695,1798.3709677419354,222237.0,222874.0
VA-600,305400.0,147942.0,137441.0,10501.0,10501.0,3300.0,908.0,371.0,362.0,4180.0,Arlington County CoC,215.0,36.0,48.84186046511628,291.69444444444446,10286.0,10465.0
VA-601,1444676.0,525296.0,503110.0,22186.0,22186.0,6429.0,2034.0,2814.0,1459.0,7511.0,Fairfax County CoC,1034.0,89.0,21.456479690522244,249.2808988764045,21152.0,22097.0
VA-602,518026.0,178096.0,170551.0,7545.0,7545.0,1713.0,333.0,943.0,450.0,2719.0,Loudoun County CoC,167.0,71.0,45.17964071856287,106.26760563380282,7378.0,7474.0
VA-603,252780.0,120043.0,111125.0,8918.0,8918.0,2393.0,973.0,599.0,364.0,3811.0,Alexandria CoC,198.0,10.0,45.04040404040404,891.8,8720.0,8908.0
VA-604,606521.0,196836.0,187140.0,9696.0,9696.0,2944.0,1498.0,1550.0,469.0,2590.0,Prince William County CoC,280.0,37.0,34.628571428571426,262.05405405405406,9416.0,9659.0
VT-500,684352.0,377525.0,283895.0,93630.0,93630.0,3897.0,970.0,4222.0,1100.0,15163.0,Vermont Balance of State CoC,780.0,66.0,120.03846153846153,1418.6363636363637,92850.0,93564.0
VT-501,213228.0,97878.0,86952.0,10926.0,10926.0,743.0,159.0,603.0,295.0,2083.0,Burlington/Chittenden County CoC,309.0,48.0,35.359223300970875,227.625,10617.0,10878.0
WA-500,2353438.0,1007484.0,942453.0,65031.0,65031.0,13503.0,4712.0,5701.0,3165.0,20341.0,Seattle/King County CoC,11199.0,5228.0,5.80685775515671,12.438982402448355,53832.0,59803.0
WA-501,2919972.0,1270381.0,1107480.0,162901.0,162901.0,15204.0,4356.0,10503.0,4966.0,41492.0,Washington Balance of State CoC,5509.0,2299.0,29.569976402250862,70.85732927359722,157392.0,160602.0
WA-502,576337.0,252921.0,230296.0,22625.0,22625.0,2939.0,913.0,1892.0,861.0,7899.0,Spokane City & County CoC,1309.0,315.0,17.28418640183346,71.82539682539682,21316.0,22310.0
WA-503,1002569.0,399684.0,369611.0,30073.0,30073.0,5281.0,1761.0,3713.0,1579.0,10132.0,"Tacoma, Lakewood/Pierce County CoC",1486.0,629.0,20.23755047106326,47.810810810810814,28587.0,29444.0
WA-504,920439.0,366125.0,341909.0,24216.0,24216.0,4614.0,1265.0,1952.0,1158.0,5506.0,Everett/Snohomish County CoC,1116.0,599.0,21.698924731182796,40.42737896494157,23100.0,23617.0
WA-508,511157.0,199198.0,189334.0,9864.0,9864.0,1876.0,347.0,1360.0,679.0,3727.0,Vancouver/Clark County CoC,958.0,487.0,10.296450939457202,20.254620123203285,8906.0,9377.0
WI-500,4667811.0,2216585.0,1899811.0,316774.0,316774.0,26445.0,6678.0,17387.0,5354.0,54234.0,Wisconsin Balance of State CoC,2875.0,94.0,110.18226086956521,3369.936170212766,313899.0,316680.0
WI-501,1041571.0,454659.0,416829.0,37830.0,37830.0,12495.0,1316.0,2844.0,1191.0,18115.0,Milwaukee City & County CoC,885.0,114.0,42.74576271186441,331.8421052631579,36945.0,37716.0
WI-502,269406.0,110916.0,103549.0,7367.0,7367.0,1412.0,193.0,609.0,369.0,2952.0,Racine City & County CoC,200.0,12.0,36.835,613.9166666666666,7167.0,7355.0
WI-503,629783.0,275362.0,261583.0,13779.0,13779.0,3474.0,1342.0,1465.0,436.0,3308.0,Madison/Dane County CoC,578.0,75.0,23.83910034602076,183.72,13201.0,13704.0
WV-500,260569.0,128465.0,105487.0,22978.0,22978.0,2038.0,486.0,1032.0,1385.0,14605.0,"Wheeling, Weirton Area CoC",136.0,9.0,168.9558823529412,2553.1111111111113,22842.0,22969.0
WV-501,231168.0,109689.0,91189.0,18500.0,18500.0,2268.0,515.0,1373.0,809.0,12237.0,"Huntington/Cabell, Wayne Counties CoC",171.0,49.0,108.18713450292398,377.55102040816325,18329.0,18451.0
WV-503,381634.0,186934.0,157311.0,29623.0,29623.0,3583.0,522.0,2560.0,1330.0,17463.0,"Charleston/Kanawha, Putnam, Boone, Clay Counties CoC",293.0,2.0,101.10238907849829,14811.5,29330.0,29621.0
WV-508,1716399.0,836557.0,681936.0,154621.0,154621.0,13218.0,2653.0,10058.0,4217.0,74648.0,West Virginia Balance of State CoC,797.0,188.0,194.0037641154329,822.4521276595744,153824.0,154433.0
WY-500,696500.0,351171.0,275249.0,75922.0,75922.0,10871.0,1216.0,3618.0,1249.0,19519.0,Wyoming Statewide CoC,548.0,125.0,138.54379562043795,607.376,75374.0,75797.0
